idna_subject,checker_type,destination,tested_at
gogog@hehehe.blogspot.de,AVAILABILITY,domains.list,2026-09-29 16:08:12.200641+00:00
goreanharbourreysa-.4ya.nl,AVAILABILITY,domains.list,2026-09-29 16:08:54.995354+00:00
st.kjli.fi,AVAILABILITY,domains.list,2026-09-29 16:08:55.303315+00:00
www.xn--freecelebritytube-tz2jja.com,AVAILABILITY,domains.list,2026-09-29 16:08:55.672384+00:00
crywebber.github.io,AVAILABILITY,domains.list,2026-09-29 16:08:55.981249+00:00
allosexe-.myblox.fr,AVAILABILITY,domains.list,2026-09-29 16:08:56.645331+00:00
xy.nullrefexcep.com,AVAILABILITY,domains.list,2026-09-29 16:08:57.621920+00:00
www.xn--publicsluts-qf3f.net,AVAILABILITY,domains.list,2026-09-29 16:08:58.087955+00:00
durl=px.moatads.com,AVAILABILITY,domains.list,2026-09-29 16:08:59.732135+00:00
"px.moatads.com,z.moatads.com",AVAILABILITY,domains.list,2026-09-29 16:09:00.344074+00:00
px.moatads.compx.moatads.com,AVAILABILITY,domains.list,2026-09-29 16:09:00.786147+00:00
alyssa-.ifrance.com,AVAILABILITY,domains.list,2026-09-29 16:09:02.423983+00:00
xn--freecelebritytube-tz2jja.com,AVAILABILITY,domains.list,2026-09-29 16:09:02.750856+00:00
xn--publicsluts-qf3f.net,AVAILABILITY,domains.list,2026-09-29 16:09:03.184497+00:00
247?realmedia.com,AVAILABILITY,domains.list,2026-09-29 16:09:03.645072+00:00
telemetry.appex.bing.net:443,AVAILABILITY,domains.list,2026-09-29 16:09:03.852607+00:00
mailto:info@mypornbible.com,AVAILABILITY,domains.list,2026-09-29 16:09:04.604589+00:00
film-porno-.ze.cx,AVAILABILITY,domains.list,2026-09-29 16:09:05.497952+00:00
247,AVAILABILITY,domains.list,2026-09-29 16:09:05.727434+00:00
443,AVAILABILITY,domains.list,2026-09-29 16:09:05.873139+00:00
host.d-ns.ga,AVAILABILITY,domains.list,2026-09-29 16:09:06.191291+00:00
"adblade.com,popup",AVAILABILITY,domains.list,2026-09-29 16:09:06.578980+00:00
adtrackone.eu$document,AVAILABILITY,domains.list,2026-09-29 16:09:06.719259+00:00
abc.pema.cl,AVAILABILITY,domains.list,2026-09-29 16:09:06.981796+00:00
info@mypornbible.com,AVAILABILITY,domains.list,2026-09-29 16:09:07.516165+00:00
javakiba.org*,AVAILABILITY,domains.list,2026-09-29 16:09:07.930785+00:00
"moherland.pl,",AVAILABILITY,domains.list,2026-09-29 16:09:08.072483+00:00
hans.pr0gramm.com,AVAILABILITY,domains.list,2026-09-29 16:09:08.511784+00:00
hurensohn.pr0gramm.com,AVAILABILITY,domains.list,2026-09-29 16:09:08.782062+00:00
websitealive[0-9].com,AVAILABILITY,domains.list,2026-09-29 16:09:09.048222+00:00
m.pr0gramm.com,AVAILABILITY,domains.list,2026-09-29 16:09:09.746209+00:00
web.die-news.pw,AVAILABILITY,domains.list,2026-09-29 16:09:09.906242+00:00
azvjudwr.info,AVAILABILITY,domains.list,2026-09-29 16:09:10.714352+00:00
cdnfile.xyz,AVAILABILITY,domains.list,2026-09-29 16:09:11.140625+00:00
jroqvbvw.info,AVAILABILITY,domains.list,2026-09-29 16:09:11.672656+00:00
jyhfuqoh.info,AVAILABILITY,domains.list,2026-09-29 16:09:12.416350+00:00
kdowqlpt.info,AVAILABILITY,domains.list,2026-09-29 16:09:12.987501+00:00
xbasfbno.info,AVAILABILITY,domains.list,2026-09-29 16:09:14.424511+00:00
